
INSERT INTO clients (first_name, last_name, phone_number, email, membership_type, join_date) 
VALUES 
('Іван', 'Іванов', '380501234567', 'ivanov@example.com', 'Gold', '2024-01-01'),
('Олександр', 'Петренко', '380509876543', 'petrenko@example.com', 'Silver', '2024-02-15'),
('Марія', 'Сидоренко', '380504567890', 'sydorenko@example.com', 'Platinum', '2023-12-20'),
('Анна', 'Дерев’янко', '380506789012', 'dervanko@example.com', 'Gold', '2024-03-05'),
('Петро', 'Мельник', '380507654321', 'melnyk@example.com', 'Silver', '2024-01-25'),
('Ірина', 'Гнатенко', '380503456789', 'gnatenko@example.com', 'Platinum', '2024-02-28'),
('Дмитро', 'Шевченко', '380508123456', 'shevchenko@example.com', 'Gold', '2023-11-15'),
('Юлія', 'Коваленко', '380509432109', 'kovalenko@example.com', 'Silver', '2024-04-12'),
('Віктор', 'Нечипоренко', '380502345678', 'nechiporenko@example.com', 'Platinum', '2024-05-01'),
('Ольга', 'Тимошенко', '380501987654', 'tymoshenko@example.com', 'Gold', '2024-06-10');


INSERT INTO memberships (client_id, start_date, end_date, price) 
VALUES 
(1, '2024-01-01', '2025-01-01', 500.00),
(2, '2024-02-15', '2025-02-15', 300.00),
(3, '2023-12-20', '2024-12-20', 700.00),
(4, '2024-03-05', '2025-03-05', 500.00),
(5, '2024-01-25', '2025-01-25', 300.00),
(6, '2024-02-28', '2025-02-28', 700.00),
(7, '2023-11-15', '2024-11-15', 500.00),
(8, '2024-04-12', '2025-04-12', 300.00),
(9, '2024-05-01', '2025-05-01', 700.00),
(10, '2024-06-10', '2025-06-10', 500.00);


INSERT INTO trainers (first_name, last_name, specialization, phone_number, email) 
VALUES 
('Андрій', 'Ковальчук', 'Кардіонавантаження', '380509876543', 'kovalchuk@example.com'),
('Марина', 'Литвиненко', 'Йога', '380508765432', 'litvinenko@example.com'),
('Олексій', 'Тимошенко', 'Фітнес', '380507654321', 'timshenko@example.com'),
('Оксана', 'Черненко', 'Бокс', '380506789012', 'chernenko@example.com'),
('Микола', 'Іванченко', 'Плавання', '380505432109', 'ivanchenco@example.com'),
('Наталія', 'Супрун', 'Танці', '380504567890', 'suprun@example.com'),
('Володимир', 'Дмитрієв', 'Пауерліфтинг', '380503456789', 'dmitriev@example.com'),
('Світлана', 'Петренко', 'Силовий тренінг', '380502345678', 'petrenko@example.com'),
('Віталій', 'Глущенко', 'Футбол', '380501234567', 'glushchenko@example.com'),
('Катерина', 'Сидоренко', 'Скалодром', '380510987654', 'sydorenko@example.com');


INSERT INTO services (service_name, description, price) 
VALUES 
('Тренування з фітнесу', 'Загальне тренування для покращення фізичної форми', 150.00),
('Йога для початківців', 'Розслабляючі йога-заняття для початківців', 100.00),
('Кардіонавантаження', 'Заняття на тренажерах для покращення серцево-судинної системи', 200.00),
('Танці', 'Ритмічні танцювальні заняття для різних рівнів', 120.00),
('Плавання', 'Індивідуальні заняття з плавання', 250.00),
('Бокс', 'Тренування з боксу для початківців і просунутих', 180.00),
('Пауерліфтинг', 'Тренування для розвитку сили і витривалості', 220.00),
('Силовий тренінг', 'Тренування на розвиток м’язів і сили', 200.00),
('Футбол', 'Командні тренування з футболу', 150.00),
('Скалодром', 'Тренування для підвищення сили та витривалості', 170.00);

INSERT INTO schedule (service_id, trainer_id, start_time, end_time, location) 
VALUES 
(1, 3, '2024-01-01 08:00', '2024-01-01 09:00', 'Зал 1'),
(2, 2, '2024-02-01 10:00', '2024-02-01 11:00', 'Зал 2'),
(3, 1, '2024-03-01 07:00', '2024-03-01 08:00', 'Зал 1'),
(4, 6, '2024-04-01 09:00', '2024-04-01 10:00', 'Зал 3'),
(5, 5, '2024-05-01 11:00', '2024-05-01 12:00', 'Зал 2'),
(6, 4, '2024-06-01 07:00', '2024-06-01 08:00', 'Зал 3'),
(7, 7, '2024-07-01 08:00', '2024-07-01 09:00', 'Зал 1'),
(8, 8, '2024-08-01 10:00', '2024-08-01 11:00', 'Зал 2'),
(9, 9, '2024-09-01 07:00', '2024-09-01 08:00', 'Зал 1'),
(10, 10, '2024-10-01 08:00', '2024-10-01 09:00', 'Зал 3'),
(1, 3, '2024-01-02 08:00', '2024-01-02 09:00', 'Зал 1'),
(2, 2, '2024-02-02 10:00', '2024-02-02 11:00', 'Зал 2'),
(3, 1, '2024-03-02 07:00', '2024-03-02 08:00', 'Зал 1'),
(4, 6, '2024-04-02 09:00', '2024-04-02 10:00', 'Зал 3'),
(5, 5, '2024-05-02 11:00', '2024-05-02 12:00', 'Зал 2'),
(6, 4, '2024-06-02 07:00', '2024-06-02 08:00', 'Зал 3'),
(7, 7, '2024-07-02 08:00', '2024-07-02 09:00', 'Зал 1'),
(8, 8, '2024-08-02 10:00', '2024-08-02 11:00', 'Зал 2'),
(9, 9, '2024-09-02 07:00', '2024-09-02 08:00', 'Зал 1'),
(10, 10, '2024-10-02 08:00', '2024-10-02 09:00', 'Зал 3');


INSERT INTO halls (name, capacity) 
VALUES 
('Зал 1', 50),
('Зал 2', 30),
('Зал 3', 40);

INSERT INTO attendance (client_id, schedule_id, visit_date) 
VALUES 
(1, 1, '2024-01-01'),
(2, 2, '2024-02-01'),
(3, 3, '2024-03-01'),
(4, 4, '2024-04-01'),
(5, 5, '2024-05-01'),
(6, 6, '2024-06-01'),
(7, 7, '2024-07-01'),
(8, 8, '2024-08-01'),
(9, 9, '2024-09-01'),
(10, 10, '2024-10-01'),
(1, 2, '2024-02-01'),
(2, 3, '2024-03-01'),
(3, 4, '2024-04-01'),
(4, 5, '2024-05-01'),
(5, 6, '2024-06-01'),
(6, 7, '2024-07-01'),
(7, 8, '2024-08-01'),
(8, 9, '2024-09-01'),
(9, 10, '2024-10-01'),
(10, 1, '2024-11-01'),
(1, 3, '2024-01-15'),
(2, 4, '2024-02-15'),
(3, 5, '2024-03-15'),
(4, 6, '2024-04-15'),
(5, 7, '2024-05-15'),
(6, 8, '2024-06-15'),
(7, 9, '2024-07-15'),
(8, 10, '2024-08-15'),
(9, 1, '2024-09-15'),
(10, 2, '2024-10-15');


INSERT INTO equipment (name, type, condition) 
VALUES 
('Тренажер для спини', 'Кардіо', 'Новий'),
('Гантелі', 'Силове', 'Використаний'),
('Еліптичний тренажер', 'Кардіо', 'Новий'),
('Боксерська груша', 'Силове', 'Нова'),
('Плавальний інструктор', 'Інше', 'Використаний'),
('М’язові блоки', 'Силове', 'Використаний'),
('Тренажер для ніг', 'Кардіо', 'Новий'),
('Скалодром', 'Інше', 'Нова'),
('Футбольний м’яч', 'Інше', 'Новий'),
('Моторизований тренажер', 'Кардіо', 'Новий');


INSERT INTO suppliers (name, address, contact_number) 
VALUES 
('Тренажери Укр', 'вул. Фізкультури, 10, Київ', '380509876543'),
('Фітнес обладнання', 'вул. Спортивна, 5, Львів', '380506543210'),
('Супер Спорт', 'вул. Здоров’я, 8, Харків', '380503456789'),
('ТехноФіт', 'вул. Спортивна, 12, Одеса', '380504567890'),
('Спортивний світ', 'вул. Тренерська, 7, Дніпро', '380507654321'),
('Обладнання Плюс', 'вул. Спортивна, 2, Запоріжжя', '380501234567'),
('Силові Тренажери', 'вул. Атлетів, 15, Київ', '380509876541'),
('СпортГруп', 'вул. Вітрильна, 6, Львів', '380508765432'),
('Техно Спорт', 'вул. Прогресу, 3, Харків', '380506432109'),
('Здоров’я Країна', 'вул. Тренажерів, 1, Одеса', '380503210987');
